{"cameraMode":{"drawMode":0,"name":"Shaded","section":"Shading Mode"},"sceneLighting":false,"audioPlay":false,"sceneViewState":{"showFog":true,"showMaterialUpdate":false,"showSkybox":false,"showFlares":true,"showImageEffects":true,"showParticleSystems":true},"in2DMode":false,"pivot":{"x":0.6158721446990967,"y":-0.8133411407470703,"z":-2.1520273685455324},"rotation":{"x":0.15886667370796204,"y":0.8328151702880859,"z":-0.43390408158302309,"w":0.3049331307411194},"size":4.466025352478027,"orthographic":false}