{"cameraMode":{"drawMode":0,"name":"Shaded","section":"Shading Mode"},"sceneLighting":true,"audioPlay":false,"sceneViewState":{"showFog":true,"showMaterialUpdate":false,"showSkybox":true,"showFlares":true,"showImageEffects":true,"showParticleSystems":true},"in2DMode":false,"pivot":{"x":-10.59548282623291,"y":0.8283424377441406,"z":0.06962871551513672},"rotation":{"x":-0.17427951097488404,"y":0.30645841360092165,"z":-0.0573330782353878,"w":-0.934120774269104},"size":10.361186981201172,"orthographic":false}