{"cameraMode":{"drawMode":0,"name":"Shaded","section":"Shading Mode"},"sceneLighting":false,"audioPlay":false,"sceneViewState":{"showFog":true,"showMaterialUpdate":false,"showSkybox":false,"showFlares":true,"showImageEffects":true,"showParticleSystems":true},"in2DMode":false,"pivot":{"x":-83.31982421875,"y":-59.89174270629883,"z":268.2882385253906},"rotation":{"x":-0.021460434421896936,"y":0.7642947435379028,"z":-0.025466816499829294,"w":-0.6440156102180481},"size":4.618076324462891,"orthographic":false}