{"cameraMode":{"drawMode":0,"name":"Shaded","section":"Shading Mode"},"sceneLighting":false,"audioPlay":false,"sceneViewState":{"showFog":true,"showMaterialUpdate":false,"showSkybox":false,"showFlares":true,"showImageEffects":true,"showParticleSystems":true},"in2DMode":false,"pivot":{"x":-2.8662145137786867,"y":-10.137982368469239,"z":10.0167236328125},"rotation":{"x":-0.4390444755554199,"y":0.0017618858255445958,"z":-0.0010299544082954527,"w":-0.8985500335693359},"size":10.6414794921875,"orthographic":false}