{"cameraMode":{"drawMode":0,"name":"Shaded","section":"Shading Mode"},"sceneLighting":false,"audioPlay":false,"sceneViewState":{"showFog":true,"showMaterialUpdate":false,"showSkybox":false,"showFlares":true,"showImageEffects":true,"showParticleSystems":true},"in2DMode":false,"pivot":{"x":0.06195133924484253,"y":0.5068914890289307,"z":0.2576584815979004},"rotation":{"x":0.12118718028068543,"y":-0.016378164291381837,"z":0.0019979397766292097,"w":0.9925051927566528},"size":3.764113187789917,"orthographic":true}