{"cameraMode":{"drawMode":0,"name":"Shaded","section":"Shading Mode"},"sceneLighting":false,"audioPlay":false,"sceneViewState":{"showFog":true,"showMaterialUpdate":false,"showSkybox":false,"showFlares":true,"showImageEffects":true,"showParticleSystems":true},"in2DMode":false,"pivot":{"x":1.4868718385696412,"y":1.4676090478897095,"z":-2.5415987968444826},"rotation":{"x":-0.00011154554522363469,"y":0.9998955130577087,"z":-0.010808519087731839,"w":-0.010197567753493786},"size":5.017762184143066,"orthographic":false}