{"cameraMode":{"drawMode":0,"name":"Shaded","section":"Shading Mode"},"sceneLighting":false,"audioPlay":false,"sceneViewState":{"showFog":true,"showMaterialUpdate":false,"showSkybox":false,"showFlares":true,"showImageEffects":true,"showParticleSystems":true},"in2DMode":false,"pivot":{"x":-2.6773533821105959,"y":1.4717047214508057,"z":2.082623243331909},"rotation":{"x":-0.08657286316156388,"y":0.8765620589256287,"z":-0.1720452606678009,"w":-0.4410798251628876},"size":3.580443859100342,"orthographic":false}